{
  "dependencies": [
    {
      "version": "1.0.0",
      "assetId": "sourceid",
      "groupId": "821412e2-e222-47e1-8aa6-67242704c477",
      "provided": false
    },
    {
      "version": "1.0.0",
      "assetId": "transactionid",
      "groupId": "821412e2-e222-47e1-8aa6-67242704c477",
      "provided": false
    },
    {
      "version": "1.0.0",
      "assetId": "standardresponse",
      "groupId": "821412e2-e222-47e1-8aa6-67242704c477",
      "provided": false
    },
    {
      "version": "1.0.0",
      "assetId": "correlationid",
      "groupId": "821412e2-e222-47e1-8aa6-67242704c477",
      "provided": false
    },
    {
      "version": "1.0.0",
      "assetId": "clientid",
      "groupId": "821412e2-e222-47e1-8aa6-67242704c477",
      "provided": false
    }
  ],
  "version": "1.0.0",
  "descriptorVersion": "1.0.0",
  "classifier": "raml",
  "main": "first-country-lookup-sapi.raml",
  "assetId": "first-country-lookup-sapi",
  "groupId": "821412e2-e222-47e1-8aa6-67242704c477",
  "name": "first-country-lookup-sapi",
  "organizationId": "821412e2-e222-47e1-8aa6-67242704c477",
  "apiVersion": "v1",
  "tags": [],
  "originalFormatVersion": "1.0"
}