<?xml version="1.0" encoding="UTF-8"?>

<mule xmlns:ee="http://www.mulesoft.org/schema/mule/ee/core"
	xmlns:http="http://www.mulesoft.org/schema/mule/http" xmlns="http://www.mulesoft.org/schema/mule/core"
	xmlns:doc="http://www.mulesoft.org/schema/mule/documentation"
	xmlns:xsi="http://www.w3.org/2001/XMLSchema-instance" xsi:schemaLocation="
http://www.mulesoft.org/schema/mule/ee/core http://www.mulesoft.org/schema/mule/ee/core/current/mule-ee.xsd http://www.mulesoft.org/schema/mule/core http://www.mulesoft.org/schema/mule/core/current/mule.xsd
http://www.mulesoft.org/schema/mule/http http://www.mulesoft.org/schema/mule/http/current/mule-http.xsd">
	<sub-flow name="invoke-first-country-lookup-sapi-subflow" doc:id="3cef8cd1-6b4b-4000-add8-1880fa83d710" >
		<logger level="INFO" doc:name="log-INFO" doc:id="fd46d942-3bc2-48bc-893c-5b2905f71160" message='#["This flow invokes " ++ (vars.target default "") ++ " to get the country details."]'/>
		<logger level="INFO" doc:name="log-DEBUG" doc:id="619e091c-a09f-4747-8510-5248f66e43e6" message='#["Before invoking " ++ vars.target]'/>
		<until-successful maxRetries="${retries.max}" doc:name="Until Successful" doc:id="a7b22a09-daa0-4d94-8316-a795f22baaae" millisBetweenRetries="${retries.millisecondsBetween}">
			<http:request method="${https.requestor.method.get}" doc:name="invokeSfdcAPI" doc:id="e7bd7cf5-beb4-41a7-b88a-f72e477fcdb1" config-ref="HTTP_Request_configuration" path="#[Mule::p('https.requestor.path.getCountries')]" sendCorrelationId="ALWAYS" correlationId="#[vars.correlationId]">
				<http:headers ><![CDATA[#[%dw 2.0
output application/java
---
{
	client_id: Mule::p('client.id'),
	client_secret: Mule::p('secure::client.secret'),
	channel: Mule::p('application.name'),
	transactionId: vars.transactionId,
	correlationId: vars.correlationId
}]]]></http:headers>
				<http:response-validator >
					<http:failure-status-code-validator values="${retries.failureStatusCode.get}"/>
				</http:response-validator>
			</http:request>
		</until-successful>
		<logger level="DEBUG" doc:name="log-DEBUG" doc:id="d5a1cc5f-82c5-481c-9073-8fedcf167c4d" message='#["After invoking " ++  (vars.target  default "") ++ " statusCode: " ++ (attributes.statusCode  default "") ++ ", reasonPharse: " ++ (attributes.reasonPhrase  default "")]'/>
		<logger level="DEBUG" doc:name="log-DEBUG" doc:id="9ece1c0e-6176-4cdb-b14c-6fba658d3deb" message="#[payload]"/>
		<ee:transform doc:name="setErrorDescription" doc:id="c440bf95-547c-4038-9861-857c8ac842e0">
					<ee:message />
					<ee:variables>
				<ee:set-variable resource="dwl/set-sys-var-error-description.dwl" variableName="errorDescription" />
					</ee:variables>
				</ee:transform>
		<choice doc:name="checkError" doc:id="cf0e4742-e8e0-44cc-9931-7998896af240" >
			<when expression="#[attributes.statusCode &gt; 399]">
				<raise-error doc:name="ERROR:COUNTRY_API" doc:id="545490a5-1cff-4617-9e7e-6c027682f015" description="#[vars.errorDescription]" type="ERROR:COUNTRY_API"/>
			</when>
		</choice>
		<logger level="INFO" doc:name="log-INFO" doc:id="0616843f-91dd-4681-b632-28d5b5740e7d" message='#["Request processed succesfully by "++ vars.target]'/>
	</sub-flow>
</mule>
