<?xml version="1.0" encoding="UTF-8"?>

<mule xmlns:ee="http://www.mulesoft.org/schema/mule/ee/core"
	xmlns="http://www.mulesoft.org/schema/mule/core" xmlns:doc="http://www.mulesoft.org/schema/mule/documentation"
	xmlns:xsi="http://www.w3.org/2001/XMLSchema-instance"
	xsi:schemaLocation="http://www.mulesoft.org/schema/mule/core http://www.mulesoft.org/schema/mule/core/current/mule.xsd">
	<error-handler name="first-country-lookup-sapi-errorError_Handler" doc:id="c3e2f242-0205-4fc4-9ad2-09a1674a1e7c" >
		<on-error-propagate enableNotifications="true" logException="true" doc:name="On Error Propagate" doc:id="33bb1b7b-8998-4536-ad19-34e054759b54" type="APIKIT:BAD_REQUEST,APIKIT:NOT_FOUND,APIKIT:METHOD_NOT_ALLOWED,APIKIT:NOT_ACCEPTABLE,APIKIT:UNSUPPORTED_MEDIA_TYPE,APIKIT:NOT_IMPLEMENTED">
			
			<ee:transform doc:name="setHttpStatus" doc:id="934c13cb-5ecd-454d-a0d8-d713ebd2ae88" >
				<ee:message >
				</ee:message>
				<ee:variables >
					<ee:set-variable resource="dwl/set-httpStatus.dwl" variableName="httpStatus" />
				</ee:variables>
			</ee:transform>
			<ee:transform xmlns:ee="http://www.mulesoft.org/schema/mule/ee/core" xsi:schemaLocation="http://www.mulesoft.org/schema/mule/ee/core http://www.mulesoft.org/schema/mule/ee/core/current/mule-ee.xsd" doc:id="9d8fd676-e0c4-4cd2-a44b-4958184a92f0" doc:name="setPayload">
				<ee:message>
					<ee:set-payload resource="dwl/error.dwl" />
				</ee:message>
			</ee:transform>
			<logger level="ERROR" doc:name="logError" doc:id="23677b3d-e51f-4e61-9578-e9b36894a338" message="#[payload]"/>	
		
</on-error-propagate>
		<on-error-continue enableNotifications="true" logException="true" doc:name="On Error Continue" doc:id="9db4f0af-f344-4934-a262-5c1f53391595" >
			<ee:transform doc:name="setHttpStatus" doc:id="b49d76ba-9cb1-43b1-873a-f877ab1b6520" >
				<ee:message >
				</ee:message>
				<ee:variables >
					<ee:set-variable resource="dwl/set-httpStatus.dwl" variableName="httpStatus" />
				</ee:variables>
			</ee:transform>
			<ee:transform xmlns:ee="http://www.mulesoft.org/schema/mule/ee/core" xsi:schemaLocation="http://www.mulesoft.org/schema/mule/ee/core http://www.mulesoft.org/schema/mule/ee/core/current/mule-ee.xsd" doc:id="0842b606-942c-46dc-94d6-be9dc20eb008" doc:name="setPayload">
				<ee:message>
					<ee:set-payload resource="dwl/error.dwl" />
				</ee:message>
			</ee:transform>
			<logger level="ERROR" doc:name="logError" doc:id="df80452d-f01d-40bc-bd39-2b8642b40dcd" message="#[payload]"/>
		</on-error-continue>
	</error-handler>
</mule>
