<?xml version="1.0" encoding="UTF-8"?>

<mule xmlns:ee="http://www.mulesoft.org/schema/mule/ee/core"
	xmlns="http://www.mulesoft.org/schema/mule/core" xmlns:doc="http://www.mulesoft.org/schema/mule/documentation"
	xmlns:xsi="http://www.w3.org/2001/XMLSchema-instance"
	xsi:schemaLocation="
http://www.mulesoft.org/schema/mule/ee/core http://www.mulesoft.org/schema/mule/ee/core/current/mule-ee.xsd http://www.mulesoft.org/schema/mule/core http://www.mulesoft.org/schema/mule/core/current/mule.xsd">
	 <flow name="get:\countries:first-country-lookup-sapi-config" doc:id="a18102f2-400b-4c07-903a-1eb29e7da503">
        <ee:transform doc:name="setTarget" doc:id="c78c33e3-f864-40dd-8134-1e64cbb3b0a4">
            <ee:variables>
				<ee:set-variable variableName="target" ><![CDATA[Mule::p('application.target')]]></ee:set-variable>
            
</ee:variables>
        </ee:transform>
		<ee:transform doc:name="setloggingDetails" doc:id="3b34324a-65d3-44a7-9f69-a60b46ea26ba" >
			<ee:message >
			</ee:message>
			<ee:variables >
				<ee:set-variable resource="dwl/set-loggingDetails.dwl" variableName="loggingDetails" />
			</ee:variables>
		</ee:transform>
		<logger level="INFO" doc:name="log-START" doc:id="66763641-aac0-4d9a-9f39-1e5783206540" message='Request received to get the account details from #[vars.target]  #[ vars.loggingDetails]'/>
        <flow-ref doc:name="invoke-first-country-lookup-sapi-subflow" doc:id="3048bfcd-53fa-490a-af64-36097cfa115b" name="invoke-first-country-lookup-sapi-subflow"/>
		<ee:transform doc:name="setFinalPaylaod&amp;httpStatus">
            <ee:message>
                <ee:set-payload><![CDATA[%dw 2.0
output application/json
---
{
    data : payload.data
}]]></ee:set-payload>
            </ee:message>
			<ee:variables >
				<ee:set-variable variableName="httpStatus" ><![CDATA[200]]></ee:set-variable>
			</ee:variables>
        
</ee:transform>
		<logger level="INFO" doc:name="log-END" doc:id="b860ea8a-2a46-4202-8419-bfeeb3c10e2a" message='Request successfully processed by #[vars.target] for  #[vars.processId]  #[ vars.loggingDetails]'/>
    
</flow>


</mule>
