<?xml version="1.0" encoding="UTF-8"?>

<mule xmlns:ee="http://www.mulesoft.org/schema/mule/ee/core"
	xmlns="http://www.mulesoft.org/schema/mule/core" xmlns:doc="http://www.mulesoft.org/schema/mule/documentation"
	xmlns:xsi="http://www.w3.org/2001/XMLSchema-instance"
	xsi:schemaLocation="
http://www.mulesoft.org/schema/mule/ee/core http://www.mulesoft.org/schema/mule/ee/core/current/mule-ee.xsd http://www.mulesoft.org/schema/mule/core http://www.mulesoft.org/schema/mule/core/current/mule.xsd">
	 <flow name="get:\countries:first-country-lookup-sapi-config" doc:id="a18102f2-400b-4c07-903a-1eb29e7da503">
        <ee:transform doc:name="setAccountId">
            <ee:variables>
				<ee:set-variable variableName="target" ><![CDATA[Mule::p('application.target')]]></ee:set-variable>
				<ee:set-variable variableName="processId" ><![CDATA[%dw 2.0
output application/java
---
"countryIso: " ++ attributes.queryParams.'countryIso'
]]></ee:set-variable>
				<ee:set-variable variableName="countryIso" ><![CDATA[attributes.queryParams.'countryIso']]></ee:set-variable>
            
</ee:variables>
        </ee:transform>
		<logger level="INFO" doc:name="log-START" doc:id="66763641-aac0-4d9a-9f39-1e5783206540" message='#["Request received to get the country details from " ++ vars.target]'/>
        <flow-ref doc:name="invoke-first-country-lookup-sapi-subflow" doc:id="3048bfcd-53fa-490a-af64-36097cfa115b" name="invoke-first-country-lookup-sapi-subflow"/>
		<ee:transform doc:name="setFinalPaylaod&amp;httpStatus">
            <ee:message>
                <ee:set-payload><![CDATA[%dw 2.0
output application/json
var countryCode= vars.countryIso
---
payload.data[countryCode] ++ {"countryIso": vars.countryIso}]]></ee:set-payload>
            </ee:message>
			<ee:variables >
				<ee:set-variable variableName="httpStatus" ><![CDATA[200]]></ee:set-variable>
			</ee:variables>
        
</ee:transform>
		<logger level="INFO" doc:name="log-END" doc:id="b860ea8a-2a46-4202-8419-bfeeb3c10e2a" message='#["Received country details successfully for " ++ vars.countryIso]'/>
    
</flow>


</mule>
